<installer ui="swing,text"
           verbose="true"
           lookAndFeel="org.tp23.jgoodies.plaf.plastic.PlasticXPLookAndFeel"
           name="Invoice Matching 13 Installer - Oracle Retail"
           windowIcon="/com/oracle/retail/oracle-window-icon.png"
           defaultImageResource="/com/oracle/retail/oracle_logo_swan.png"
           minJavaVersion="1.4"
           antialiased="false"
           version="1.0"
           loadDefaults="prompt">

    <page type="input" name="Introduction" displayText="Oracle Retail Invoice Matching" overflow="true">
        <comment displayText="" explanatoryText="This will install the ReIM 13 Java application. The ReIM Installation Guide provides details on every value requested by this installer. Please read it before proceeding." />
        <comment displayText="Requirements:"/>
        <comment displayText="  * See Release Notes and Installation Guide for OS requirements." />
        <comment displayText="  * RMS 13 installed in Oracle RDBMS 11g Enterprise Edition" />
        <comment displayText="  * ReIM 13 database schema installed with RMS 13" />
        <comment displayText="  * An OC4J instance in OracleAS 10g 10.1.3.4 for this ReIM application" />
        <comment displayText="" />
        <comment displayText="The installer will ask you for the following information" />
        <comment displayText="  * ReIM and RMS database settings" />
        <comment displayText="  * Oracle Application Server environment details, such as ports and instance names" />
        <comment displayText="" />
        <comment displayText="" explanatoryText="Fields designated with square brackets require input. Remove the brackets and replace with your environment's setting. For example, [port] may become 1521" />
        <pause displayText="Press enter to continue" />
    </page>

    <page type="input" name="DataSourceDetails" displayText="Data Source Details">
        <comment displayText="Provide the details for the Invoice Matching data source" />
        <text property="input.datasource.url" defaultValue="jdbc:oracle:thin:@[host]:[port]:[dbname]"
              displayText="ReIM/RMS 13 JDBC URL" />
        <text property="input.datasource.username" defaultValue="" displayText="ReIM/RMS 13 schema" />
        <password property="input.datasource.password" defaultValue="" displayText="ReIM/RMS 13 schema password" 
              regex=".*" />
        <text property="input.schema.owner" defaultValue="" displayText="RMS 13 schema owner"
              explanatoryText="Enter the RMS schema owner. This is usually the same as the ReIM/RMS schema entered above" />
    </page>

    <page type="hidden" name="ValidateDataSource">
        <hidden property="temp.datasource.connectstring"
                value="${input.datasource.username}|${input.datasource.password}|${input.datasource.url}"
                sendToAnt="false"
                validationClass="oracle.retail.build.DbSchemaValidator" />
    </page>

    <page type="input" name="AppServerDetails" displayText="Application Server Details">
        <text property="input.appserver.host" defaultValue="${env.ORACLE_HOSTNAME}" displayText="Hostname" />
        <text property="input.opmn.request.port" defaultValue="${env.ORACLE_OPMN_REQ_PORT}"
              displayText="OPMN request port"
              explanatoryText="The OPMN request port is found in ORACLE_HOME/opmn/conf/opmn.xml" />
    </page>

    <page type="input" name="ProceedWithInstall"
          displayText="Manual Deployment Option">
        <comment displayText="" explanatoryText="This installer will configure the application and app server files. Then it can proceed with installing the application into the server. If you do not have filesystem access to the application server, or you wish to deploy using a different method, you can choose to have the installer skip the final installation phase. The configured files will be made available for your use after this installer has completed." />
        <select property="input.install.to.appserver" defaultValue="true"
                displayText="Install files to app server&#63;">
            <option text="Yes. I have write access to the application server." value="true" />
            <option text="No. Configure but do not install the application." value="false" />
        </select>
        <comment displayText="" explanatoryText="Note: You will still be prompted for application server settings if you choose No above. This is because some application server settings are configured in the application files." />
    </page>

    <page type="input" name="AppDeploymentDetails" displayText="Application Deployment Details">
        <comment displayText="The default values shown below are examples" />
        <text property="input.app.name" defaultValue="reim13" displayText="ReIM 13 app deployment name" />
        <text property="input.context.root" defaultValue="reim" displayText="ReIM 13 context root" />
        <text property="input.oc4j.instance" defaultValue="reim_oc4j" displayText="ReIM 13 OC4J instance" />
        <text property="input.oc4j.group" defaultValue="reim_group" displayText="ReIM 13 OC4J group"
              explanatoryText="The OC4J instance(s) for ReIM must belong to an OC4J group created specifically for this ReIM deployment. This installer will deploy the ReIM application into all instances in the group. If you are not clustering the application across multiple OC4J instances then you should have a ReIM group with just one member OC4J instance. Do NOT use default_group in this field." />
    </page>

    <page type="input" name="OC4JAdminUser" displayText="OC4J Administrative User">
        <hidden property="input.deployer.uri"
                value="deployer:cluster:opmn://${input.appserver.host}:${input.opmn.request.port}/${input.oc4j.group}" />
        <comment displayText="" explanatoryText="Enter the administrative user and password for the OC4J instance to which the application will be deployed." />
        <text property="input.admin.user" defaultValue="oc4jadmin" displayText="OC4J admin user" />
        <password property="input.admin.password" defaultValue="" displayText="OC4J admin password" regex=".*" />
    </page>

    <page type="input" name="Summary" overflow="true"
            displayText="Installation Summary">
        <comment displayText="" explanatoryText="Summary of Installation" />
        <readonly-text property="readonly.datasource.url"
                       displayText="Data Source URL" sendToAnt="false"
                       defaultValue="${input.datasource.url}" />
        <readonly-text property="readonly.datasource.username"
                       displayText="Data Source Username" sendToAnt="false"
                       defaultValue="${input.datasource.username}" />
        <readonly-text property="readonly.schema.owner"
                       displayText="Schema Owner" sendToAnt="false"
                       defaultValue="${input.schema.owner}" />
        <readonly-text property="readonly.appserver.host"
                       displayText="App Server Host" sendToAnt="false"
                       defaultValue="${input.appserver.host}" />
        <readonly-text property="readonly.opmn.request.port"
                       displayText="OPMN Request Port" sendToAnt="false"
                       defaultValue="${input.opmn.request.port}" />
        <readonly-text property="readonly.app.name"
                       displayText="App Name" sendToAnt="false"
                       defaultValue="${input.app.name}" />
        <readonly-text property="readonly.context.root"
                       displayText="Context Root" sendToAnt="false"
                       defaultValue="${input.context.root}" />
        <readonly-text property="readonly.oc4j.instance"
                       displayText="OC4J Instance" sendToAnt="false"
                       defaultValue="${input.oc4j.instance}" />
        <readonly-text property="readonly.oc4j.group"
                       displayText="OC4J Group" sendToAnt="false"
                       defaultValue="${input.oc4j.group}" />
        <readonly-text property="readonly.admin.user"
                       displayText="OC4J Admin User" sendToAnt="false"
                       defaultValue="${input.admin.user}" />
    </page>

    <page type="progress" name="progress" showTargets="true" displayText="Installation progress" target="install">
    </page>

</installer>
    
