<project name="installer-prepare" basedir=".." default="prepare-silent">

<target name="prepare-silent" depends="init, remove-basedir-prop" />

<target name="init">
    <taskdef resource="net/sf/antcontrib/antcontrib.properties">
        <classpath>
            <pathelement location="ant-ext/ant-contrib.jar" />
        </classpath>
    </taskdef>
</target>

<target name="remove-basedir-prop"
        description="Removes basedir property from ant.install.properties">
    <!-- the basedir property is set in ant.install.properties by AntInstaller.
         We do not need this property, and it causes problems on Windows where
         the backslash characters are not escaped, and also when an input file
         is re-used in a new location. Remove the basedir property
         when running in silent mode by calling this target from install.[cmd|sh]
         before running the installation. -->
    <if> <available file="ant.install.properties" />
        <then>
            <replaceregexp file="ant.install.properties"
                           match="^basedir\s*=.*"
                           replace="" byline="true" />
        </then>
        <else/>
    </if>
</target>

</project>
