<?xml version="1.0" encoding="UTF-8"?>
<beans xmlns="http://www.springframework.org/schema/beans"
	xmlns:xsi="http://www.w3.org/2001/XMLSchema-instance"
	xmlns:util="http://www.springframework.org/schema/util"
	xmlns:context="http://www.springframework.org/schema/context"
	xsi:schemaLocation="
	http://www.springframework.org/schema/beans 
	http://www.springframework.org/schema/beans/spring-beans-2.5.xsd 
	http://www.springframework.org/schema/util 
	http://www.springframework.org/schema/util/spring-util-2.5.xsd 
	http://www.springframework.org/schema/context 
	http://www.springframework.org/schema/context/spring-context-2.5.xsd"
	default-autowire="autodetect">

	<!--
		===========================================================================
		Legacy services
		
		When we add a new service with the same name as the old, we need to 
		instantiate the old service in XML so that we can specify that it should 
		use the Legacy qualifier.  This is how Spring can tell the difference
		between beans with the same class name that are in different packages. 	
		===========================================================================
	-->
	<bean class="com.retek.reim.services.SupplierOptionsService">
		<qualifier type="Legacy" />
	</bean>

	<bean class="com.retek.reim.services.NonMerchandiseDocumentService">
		<qualifier type="Legacy" />
	</bean>
	
	<bean class="com.retek.reim.services.ItemSupplierService">
		<qualifier type="Legacy" />
	</bean>
	
	<bean class="com.retek.reim.services.EdiRejectService">
		<qualifier type="Legacy" />
	</bean>
	
	<bean class="com.retek.reim.services.EdiDocumentService">
		<qualifier type="Legacy" />
	</bean>

	<!-- 
		===========================================================================
		Annotation-based bean configuration
		
		Beans of this stereotype can be configured using annotations, See @Service, 
		@Repository, @Component, @Controller, @Autowired and @Required. 
		===========================================================================		
	-->

	<context:component-scan base-package="oracle.retail.reim" />

	<context:component-scan base-package="smr.retail.reim" />                             <!-- SMR OLR MOD000 - Inserted -->

	<!--
		We also want to inject the Service and DAO factories
		for backward compatibility.
	-->

	<context:component-scan base-package="com.retek.reim">
		<context:include-filter type="annotation"
			expression="oracle.retail.reim.services.InjectedFactory" />
	</context:component-scan>
                                                                                              <!-- SMR OLR MOD000 - Inserted -->
	<context:component-scan base-package="smr.retek.reim">
		<context:include-filter type="annotation"
			expression="oracle.retail.reim.services.InjectedFactory" />           <!-- SMR OLR MOD000 - Inserted -->
	</context:component-scan>                                                             <!-- SMR OLR MOD000 - Inserted -->

	<context:annotation-config />

	<!-- 
		===========================================================================
		Service Beans
		
		Application service beans should be wired in this section, in alphabetical 
		order, except for logging which should be first.
		===========================================================================		
	-->

</beans>
